Actual_G3,Predicted_G3,Error
10,8.32,1.6799999999999997
12,11.78,0.22000000000000064
5,6.5,-1.5
10,9.76,0.2400000000000002
9,8.8,0.1999999999999993
13,12.86,0.14000000000000057
18,18.7,-0.6999999999999993
6,6.72,-0.7199999999999998
0,6.68,-6.68
14,13.33,0.6699999999999999
15,15.64,-0.6400000000000006
7,6.89,0.11000000000000032
15,13.92,1.08
10,11.89,-1.8900000000000006
14,14.08,-0.08000000000000007
8,8.39,-0.39000000000000057
8,1.14,6.86
11,10.56,0.4399999999999995
15,15.43,-0.4299999999999997
0,6.24,-6.24
14,14.13,-0.13000000000000078
16,15.68,0.3200000000000003
16,15.25,0.75
6,6.27,-0.2699999999999996
0,6.23,-6.23
19,18.47,0.5300000000000011
11,10.44,0.5600000000000005
12,9.68,2.3200000000000003
17,17.94,-0.9400000000000013
10,10.62,-0.6199999999999992
8,8.49,-0.4900000000000002
10,8.52,1.4800000000000004
15,15.27,-0.2699999999999996
13,13.06,-0.0600000000000005
8,1.03,6.97
5,6.38,-1.38
0,0.19,-0.19
15,15.07,-0.07000000000000028
14,11.75,2.25
8,7.67,0.33000000000000007
5,5.91,-0.9100000000000001
11,10.13,0.8699999999999992
14,14.01,-0.009999999999999787
9,8.47,0.5299999999999994
15,14.88,0.11999999999999922
10,6.35,3.6500000000000004
11,11.58,-0.5800000000000001
13,14.22,-1.2200000000000006
13,12.73,0.2699999999999996
16,15.57,0.4299999999999997
13,13.42,-0.41999999999999993
15,15.35,-0.34999999999999964
12,10.05,1.9499999999999993
10,8.62,1.3800000000000008
6,5.6,0.40000000000000036
12,13.24,-1.2400000000000002
11,10.79,0.21000000000000085
0,1.48,-1.48
16,15.58,0.41999999999999993
17,16.01,0.9899999999999984
14,13.33,0.6699999999999999
10,8.72,1.2799999999999994
10,8.18,1.8200000000000003
6,6.15,-0.15000000000000036
9,7.21,1.79
17,17.9,-0.8999999999999986
8,9.54,-1.5399999999999991
10,9.32,0.6799999999999997
9,9.68,-0.6799999999999997
15,15.29,-0.28999999999999915
6,8.34,-2.34
10,9.75,0.25
15,13.6,1.4000000000000004
19,18.41,0.5899999999999999
12,10.72,1.2799999999999994
6,5.87,0.1299999999999999
9,8.89,0.10999999999999943
15,14.2,0.8000000000000007
5,5.8,-0.7999999999999998
